id,creationDate,lastUpdateDate,createdBy,lastUpdatedBy,item,price,itemDescription,category,uOM
155,2018-07-25T20:12:40,2018-07-25T20:12:40,442c5fd68d04413f8fca2c4310c8a964,442c5fd68d04413f8fca2c4310c8a964,AS18947,1207.86,Sentinel Deluxe Desktop,COMPUTER,Ea
628,2018-07-25T20:12:40,2018-07-25T20:12:40,442c5fd68d04413f8fca2c4310c8a964,442c5fd68d04413f8fca2c4310c8a964,AS72111,714.834,Envoy Deluxe Laptop,COMPUTER,Ea
2682,2018-07-25T20:12:40,2018-07-25T20:12:40,442c5fd68d04413f8fca2c4310c8a964,442c5fd68d04413f8fca2c4310c8a964,CM00059,,Deluxe Cabling Kit,COMPONENT,Ea
2698,2018-07-25T20:12:40,2018-07-25T20:12:40,442c5fd68d04413f8fca2c4310c8a964,442c5fd68d04413f8fca2c4310c8a964,CM00066,,Deluxe 14-Bay Case,COMPONENT,Ea
3039,2018-07-25T20:12:40,2018-07-25T20:12:40,442c5fd68d04413f8fca2c4310c8a964,442c5fd68d04413f8fca2c4310c8a964,PT55066,,Envoy Deluxe Bundle,MISC,Ea
8317,2018-07-25T20:12:40,2018-07-25T20:12:40,442c5fd68d04413f8fca2c4310c8a964,442c5fd68d04413f8fca2c4310c8a964,AS77111,714.834,Envoy Deluxe Laptop - Select Series,COMPUTER,Ea
8978,2018-07-25T20:12:40,2018-07-25T20:12:40,442c5fd68d04413f8fca2c4310c8a964,442c5fd68d04413f8fca2c4310c8a964,FS18947,1207.86,Sentinel Deluxe Desktop - FS Series,COMPUTER,Ea
8988,2018-07-25T20:12:40,2018-07-25T20:12:40,442c5fd68d04413f8fca2c4310c8a964,442c5fd68d04413f8fca2c4310c8a964,FS72111,714.834,Envoy Deluxe Laptop - FS Series,COMPUTER,Ea
11899,2018-07-25T20:12:40,2018-07-25T20:12:40,442c5fd68d04413f8fca2c4310c8a964,442c5fd68d04413f8fca2c4310c8a964,XA5000,,Deluxe Laptop,COMPUTER,Ea
11977,2018-07-25T20:12:40,2018-07-25T20:12:40,442c5fd68d04413f8fca2c4310c8a964,442c5fd68d04413f8fca2c4310c8a964,XA8000,,Deluxe Desktop,COMPUTER,Ea
12021,2018-07-25T20:12:40,2018-07-25T20:12:40,442c5fd68d04413f8fca2c4310c8a964,442c5fd68d04413f8fca2c4310c8a964,XP9002,420.16,"Digital Camera, Deluxe",CAMERA,Ea
12119,2018-07-25T20:12:40,2018-07-25T20:12:40,442c5fd68d04413f8fca2c4310c8a964,442c5fd68d04413f8fca2c4310c8a964,AT23818,1634.834,Deluxe Laptop,NEW,Ea
64560,2018-07-25T20:12:40,2018-07-25T20:12:40,442c5fd68d04413f8fca2c4310c8a964,442c5fd68d04413f8fca2c4310c8a964,XC8102,115.5,Deluxe Desktop Monitor II,COMPUTER,Ea
80598,2018-07-25T20:12:40,2018-07-25T20:12:40,442c5fd68d04413f8fca2c4310c8a964,442c5fd68d04413f8fca2c4310c8a964,XC5107,42.5,Deluxe Laptop Power Supply,COMPUTER,Ea
126678,2018-07-25T20:12:40,2018-07-25T20:12:40,442c5fd68d04413f8fca2c4310c8a964,442c5fd68d04413f8fca2c4310c8a964,CM66112,15.0,Deluxe PC Speakers,ACCESSORY,Ea
128677,2018-07-25T20:12:40,2018-07-25T20:12:40,442c5fd68d04413f8fca2c4310c8a964,442c5fd68d04413f8fca2c4310c8a964,CR2000,2000.0,Cisco Router Deluxe,NETWORK,Ea
129677,2018-07-25T20:12:40,2018-07-25T20:12:40,442c5fd68d04413f8fca2c4310c8a964,442c5fd68d04413f8fca2c4310c8a964,XC5030,142.3,Deluxe Laptop Motherboard II,COMPUTER,Ea
131693,2018-07-25T20:12:40,2018-07-25T20:12:40,442c5fd68d04413f8fca2c4310c8a964,442c5fd68d04413f8fca2c4310c8a964,XC5120,190.0,Deluxe Lartop Monitor,COMPUTER,Ea
174755,2018-07-25T20:12:40,2018-07-25T20:12:40,442c5fd68d04413f8fca2c4310c8a964,442c5fd68d04413f8fca2c4310c8a964,DR10501,16.88,Deluxe Door Locks,NEW,Ea
