{
    "fields": [
        {
            "id": "id",
            "internal": true,
            "key": true,
            "oid": "84273945-5c86-492a-b351-82155e17bf1b",
            "required": true,
            "singularName": "Id",
            "type": "number",
            "unique": true
        },
        {
            "id": "creationDate",
            "internal": true,
            "oid": "ed839d0e-081f-426f-926a-70f8e269be95",
            "singularName": "Created",
            "type": "datetime"
        },
        {
            "id": "lastUpdateDate",
            "internal": true,
            "oid": "6a75842c-7641-4ffc-a9d9-621ebf662980",
            "singularName": "Last Updated",
            "type": "datetime"
        },
        {
            "id": "createdBy",
            "internal": true,
            "oid": "40567d41-1c78-43bd-8d24-4c1d162995ea",
            "singularName": "Created By",
            "type": "string"
        },
        {
            "id": "lastUpdatedBy",
            "internal": true,
            "oid": "1feba63e-5a82-4aa8-8f3d-bd34d4272726",
            "singularName": "Last Updated By",
            "type": "string"
        },
        {
            "hidden": true,
            "id": "abcsChangeNumber",
            "internal": true,
            "oid": "eaafd4bd-20fc-478c-8992-0e6fa81f39f5",
            "singularName": "<internal>",
            "type": "number"
        },
        {
            "id": "item",
            "oid": "f880ab2d-d255-48e8-a995-70ed9f165dcf",
            "singularName": "Item",
            "type": "string"
        },
        {
            "id": "price",
            "oid": "39684cd2-202a-45a6-8cd9-da7781b6f18c",
            "singularName": "Price",
            "type": "number"
        },
        {
            "id": "itemDescription",
            "oid": "eaa5bdbf-925d-4e97-b32e-9b8f57099d6e",
            "singularName": "ItemDescription",
            "type": "string"
        },
        {
            "id": "category",
            "oid": "9acaed69-f5e5-413d-97ac-7f1e8c714614",
            "singularName": "Category",
            "type": "string"
        },
        {
            "id": "uOM",
            "oid": "58702800-8562-4423-bf34-20e1a46bd973",
            "singularName": "UOM",
            "type": "string"
        }
    ],
    "id": "TtcItems",
    "oid": "17c5a629-c349-4f08-8488-a88108ba416b",
    "singularName": "ttcItems"
}