{
    "fields": [
        {
            "id": "id",
            "internal": true,
            "key": true,
            "oid": "031c1407-d723-4022-bacc-9d983e440d98",
            "required": true,
            "singularName": "Id",
            "type": "number",
            "unique": true
        },
        {
            "id": "creationDate",
            "internal": true,
            "oid": "9d93d16d-cded-43ab-9c59-c4f2ee6811cc",
            "singularName": "Created",
            "type": "datetime"
        },
        {
            "id": "lastUpdateDate",
            "internal": true,
            "oid": "bac80977-1bb9-4c42-abcf-9f311974c4ff",
            "singularName": "Last Updated",
            "type": "datetime"
        },
        {
            "id": "createdBy",
            "internal": true,
            "oid": "0b0a7ac6-9b22-4017-84cb-b3f06c304b07",
            "singularName": "Created By",
            "type": "string"
        },
        {
            "id": "lastUpdatedBy",
            "internal": true,
            "oid": "01fa3c19-1534-491f-869a-bb5cc9849993",
            "singularName": "Last Updated By",
            "type": "string"
        },
        {
            "hidden": true,
            "id": "abcsChangeNumber",
            "internal": true,
            "oid": "0458e332-3d7d-44f2-abdf-0fcd00ef8653",
            "singularName": "<internal>",
            "type": "number"
        },
        {
            "id": "item",
            "oid": "e99b02c2-3366-4e3f-b969-d63c35d9e763",
            "singularName": "Item",
            "type": "string"
        },
        {
            "id": "price",
            "oid": "3b1e1443-3ac7-4433-818d-2372c1bc2edc",
            "singularName": "Price",
            "type": "number"
        },
        {
            "id": "itemDescription",
            "oid": "c31ed12d-405a-42c5-b60e-9112d058dfbf",
            "singularName": "ItemDescription",
            "type": "string"
        },
        {
            "id": "category",
            "oid": "d8651c05-4790-4bd5-b1ee-3555a5237646",
            "singularName": "Category",
            "type": "string"
        },
        {
            "id": "uom",
            "oid": "a875c1f3-2d09-40ae-8f7c-0a2f9580b4cd",
            "singularName": "UOM",
            "type": "string"
        },
        {
            "id": "quantity",
            "oid": "69ce6ef7-76d7-4b38-b64a-7058e6b42dcb",
            "singularName": "Quantity",
            "type": "number"
        },
        {
            "id": "itemID",
            "oid": "42134c30-bbe7-4b3e-ace5-b26c93282e4d",
            "singularName": "itemID",
            "type": "string",
            "unique": true
        }
    ],
    "id": "OrderItems",
    "oid": "8e03d094-bab8-4f0f-a3fb-7cef1a34fbf8",
    "singularName": "orderItems"
}