{
    "flowModelVersion": "18.3.1",
    "id": "main",
    "description": "Flow main",
    "defaultPage": "main-start",
    "chains": {},
    "services": {},
    "types": {
        "getallTtcCustomerResponse": {
            "items": [
                {
                    "id": "number",
                    "customer": "string"
                }
            ]
        },
        "@decorators.getallTtcCustomerResponse": {
            "endpoint": "getall_TtcCustomer",
            "service": "businessObjects",
            "path": "response"
        },
        "getallTtcItemsResponse": {
            "items": [
                {
                    "id": "number",
                    "itemDescription": "string"
                }
            ]
        },
        "@decorators.getallTtcItemsResponse": {
            "endpoint": "getall_TtcItems",
            "service": "businessObjects",
            "path": "response"
        },
        "getallOrderItemsResponse": {
            "items": [
                {
                    "id": "number",
                    "item": "string",
                    "price": "number",
                    "itemDescription": "string",
                    "category": "string",
                    "uom": "string"
                }
            ]
        },
        "@decorators.getallOrderItemsResponse": {
            "endpoint": "getall_OrderItems",
            "service": "businessObjects",
            "path": "response"
        },
        "getallOrderItemsResponse2": {
            "items": [
                {
                    "id": "number",
                    "item": "string",
                    "price": "number",
                    "itemDescription": "string",
                    "category": "string",
                    "quantity": "number",
                    "itemID": "string",
                    "uom": "string"
                }
            ]
        },
        "@decorators.getallOrderItemsResponse2": {
            "endpoint": "getall_OrderItems",
            "service": "businessObjects",
            "path": "response"
        },
        "createOrderItemsRequest": {
            "id": "number",
            "item": "string",
            "price": "number",
            "itemDescription": "string",
            "category": "string",
            "quantity": "number",
            "itemID": "string",
            "uom": "string"
        },
        "@decorators.createOrderItemsRequest": {
            "endpoint": "create_OrderItems",
            "service": "businessObjects",
            "path": "request"
        },
        "businessObjectServiceErrorResponseType": {
            "body": {
                "status": "string",
                "title": "string",
                "o_errorDetails": [
                    {
                        "detail": "string",
                        "o_errorCode": "string"
                    }
                ]
            },
            "status": "number"
        },
        "getallOrderItemsResponse3": {
            "items": [
                {
                    "id": "number",
                    "item": "string",
                    "price": "number",
                    "itemDescription": "string",
                    "category": "string",
                    "uom": "string",
                    "quantity": "number",
                    "itemID": "string"
                }
            ]
        },
        "@decorators.getallOrderItemsResponse3": {
            "endpoint": "getall_OrderItems",
            "service": "businessObjects",
            "path": "response"
        }
      },
    "variables": {}
}