{"schemaVersion":"1.0","name":"FormApprovalProcess2","registeredProcess":{"id":"oracleinternalpcs~CreateOrderApproval!2.0~FormApprovalProcess","project":"CreateOrderApproval","projectVersion":"2.0","useDefaultVersion":false,"processName":"FormApprovalProcess","isPlayerInstance":false,"interfaces":[{"id":"startEvent","label":"Start event","typeDefinitions":{"http://xmlns.oracle.com/bpm/bpmobject/QuoteToOrder/Item|Item":{"id":"CreateOrderApproval@..@http://xmlns.oracle.com/bpm/bpmobject/QuoteToOrder/Item|Item","label":"Item","type":"object","properties":{"itemID":{"type":"string"},"item":{"type":"string"},"uom":{"type":"string"},"quantity":{"type":"string"},"price":{"type":"string"},"itemDescription":{"type":"string"},"category":{"type":"string"}}},"http://xmlns.oracle.com/bpm/bpmobject/QuoteToOrder/Items|Items":{"id":"CreateOrderApproval@..@http://xmlns.oracle.com/bpm/bpmobject/QuoteToOrder/Items|Items","label":"Items","type":"object","properties":{"items":{"type":"http://xmlns.oracle.com/bpm/bpmobject/QuoteToOrder/Item|Item","multivalued":true}}}},"parameters":{"customerId":{"type":"string","detail":"{http://www.w3.org/2001/XMLSchema}string"},"customerName":{"type":"string","detail":"{http://www.w3.org/2001/XMLSchema}string"},"orderTypeID":{"type":"string","detail":"{http://www.w3.org/2001/XMLSchema}string"},"totalOrderPrice":{"type":"string","detail":"{http://www.w3.org/2001/XMLSchema}string"},"items":{"type":"http://xmlns.oracle.com/bpm/bpmobject/QuoteToOrder/Items|Items"}}}]}}