{
  "pageModelVersion": "18.3.1",
  "title": "My start page",
  "description": "The starting page of the flow",
  "variables": {
    "customerId": {
      "type": "string"
    },
    "customerName": {
      "type": "string"
    },
    "orderTypeId": {
      "type": "string"
    },
    "totalOrderPrice": {
      "type": "string",
      "defaultValue": "0"
    },
    "Item": {
      "type": {
        "itemID": "string",
        "Item": "string",
        "Price": "number",
        "itemDescription": "string",
        "category": "string",
        "quantity": "string",
        "UOM": "string"
      }
    },
    "ttcCustomer": {
      "type": "vb/ServiceDataProvider",
      "defaultValue": {
        "endpoint": "businessObjects/getall_TtcCustomer",
        "responseType": "page:getall_TtcCustomer",
        "itemsPath": "items"
      }
    },
    "ttcCustomerListServiceDataProvider": {
      "type": "vb/ServiceDataProvider",
      "defaultValue": {
        "endpoint": "businessObjects/getall_TtcCustomer",
        "idAttribute": "id",
        "itemsPath": "items",
        "responseType": "flow:getallTtcCustomerResponse"
      }
    },
    "ttcItemsListServiceDataProvider": {
      "type": "vb/ServiceDataProvider",
      "defaultValue": {
        "endpoint": "businessObjects/getall_TtcItems",
        "idAttribute": "id",
        "itemsPath": "items",
        "responseType": "flow:getallTtcItemsResponse"
      }
    },
    "ItemArray": {
      "type": [
        {
          "item": "string",
          "itemID": "string",
          "itemDescription": "string",
          "price": "string",
          "quantity": "string",
          "uom": "string",
          "category": "string"
        }
      ],
      "defaultValue": [
        {
          "itemID": "abcsd",
          "item": "xyz",
          "price": "fnfds",
          "itemDescription": "xysahjkj",
          "category": "xs:string",
          "quantity": "2",
          "uom": "xs:string"
        },
        {
          "itemID": "abcsd",
          "item": "xyz",
          "price": "fnfds",
          "itemDescription": "xysahjkj",
          "category": "xs:string",
          "quantity": "2",
          "uom": "xs:string"
        }
      ]
    },
    "orderItemsListServiceDataProvider": {
      "type": "vb/ServiceDataProvider",
      "defaultValue": {
        "endpoint": "businessObjects/getall_OrderItems",
        "idAttribute": "id",
        "itemsPath": "items",
        "responseType": "flow:getallOrderItemsResponse3"
      }
    },
    "tempItemID": {
      "type": "string"
    },
    "tempQuantity": {
      "type": "number"
    },
    "singleOrderItem": {
      "type": "flow:createOrderItemsRequest"
    },
    "items": {
      "type": "object"
    },
    "itemsnew": {
      "type": "page:getall_OrderItems"
    }
  },
  "types": {
    "@decorators.getall_TtcCustomer": {
      "endpoint": "getall_TtcCustomer",
      "service": "businessObjects",
      "path": "response"
    },
    "getall_TtcCustomer": {
      "items": [
        {
          "id": "number",
          "customer": "string",
          "orderTypeId": "string"
        }
      ]
    },
    "items": {
      "itemid": "string"
    },
    "@decorators.getall_OrderItems": {
      "endpoint": "getall_OrderItems",
      "service": "businessObjects",
      "path": "response"
    },
    "getall_OrderItems": {
      "items": [
        {
          "item": "string",
          "price": "number",
          "itemDescription": "string",
          "category": "string",
          "quantity": "number",
          "itemID": "string",
          "uom": "string"
        }
      ]
    }
  },
  "chains": {
    "SingleSelectValueAction": {
      "description": "",
      "variables": {
        "value": {
          "required": true,
          "type": "any",
          "input": "fromCaller"
        }
      },
      "root": "assignVariables1",
      "actions": {
        "assignVariables1": {
          "module": "vb/action/builtin/assignVariablesAction",
          "parameters": {
            "$page.variables.tempItemID": {
              "source": "{{ $chain.variables.value }}"
            }
          }
        }
      }
    },
    "InputNumberValueAction": {
      "description": "",
      "variables": {
        "value": {
          "required": true,
          "type": "any",
          "input": "fromCaller"
        }
      },
      "root": "assignVariables1",
      "actions": {
        "assignVariables1": {
          "module": "vb/action/builtin/assignVariablesAction",
          "parameters": {
            "$page.variables.tempQuantity": {
              "source": "{{ $chain.variables.value }}"
            }
          }
        }
      }
    },
    "ButtonClickAction": {
      "description": "",
      "variables": {
        "detail": {
          "required": true,
          "type": "any",
          "input": "fromCaller"
        }
      },
      "root": "callRestEndpoint1",
      "actions": {
        "callRestEndpoint1": {
          "module": "vb/action/builtin/restAction",
          "parameters": {
            "endpoint": "businessObjects/get_TtcItems",
            "uriParams": {
              "TtcItems_Id": "{{ $page.variables.tempItemID }}"
            },
            "responseType": ""
          },
          "outcomes": {
            "success": "assignVariables1"
          }
        },
        "assignVariables1": {
          "module": "vb/action/builtin/assignVariablesAction",
          "parameters": {
            "$page.variables.singleOrderItem": {
              "source": {
                "category": "{{ $chain.results.callRestEndpoint1.body.category }}",
                "item": "{{ $chain.results.callRestEndpoint1.body.item }}",
                "itemDescription": "{{ $chain.results.callRestEndpoint1.body.itemDescription }}",
                "price": "{{ $chain.results.callRestEndpoint1.body.price }}",
                "uOM": "{{ $chain.results.callRestEndpoint1.body.uOM }}",
                "quantity": "{{ $page.variables.tempQuantity }}",
                "itemID": "{{ $chain.results.callRestEndpoint1.body.id }}",
                "uom": "{{ $chain.results.callRestEndpoint1.body.uOM }}"
              }
            }
          },
          "outcomes": {
            "success": "callRestEndpoint2"
          }
        },
        "callRestEndpoint2": {
          "module": "vb/action/builtin/restAction",
          "parameters": {
            "endpoint": "businessObjects/create_OrderItems",
            "body": "{{ $page.variables.singleOrderItem }}"
          },
          "outcomes": {
            "success": "fireDataProviderEvent1"
          }
        },
        "fireDataProviderEvent1": {
          "module": "vb/action/builtin/fireDataProviderEventAction",
          "parameters": {
            "target": "{{ $page.variables.orderItemsListServiceDataProvider }}",
            "refresh": null
          }
        }
      }
    },
    "navigateToCreateOrderItemsChain": {
      "root": "navigateToCreate",
      "actions": {
        "navigateToCreate": {
          "module": "vb/action/builtin/navigateToPageAction",
          "parameters": {
            "history": "push",
            "page": "CreateOrderItems",
            "params": {}
          },
          "outcomes": {
            "success": ""
          }
        }
      }
    },
    "navigateToCreateOrderItemsChain2": {
      "root": "navigateToCreate",
      "actions": {
        "navigateToCreate": {
          "module": "vb/action/builtin/navigateToPageAction",
          "parameters": {
            "history": "push",
            "page": "CreateOrderItems2",
            "params": {}
          },
          "outcomes": {
            "success": ""
          }
        }
      }
    },
    "ButtonClickAction1": {
      "description": "",
      "variables": {
        "detail": {
          "required": true,
          "type": "any",
          "input": "fromCaller"
        }
      },
      "root": "callRestEndpoint1",
      "actions": {
        "callRestEndpoint1": {
          "module": "vb/action/builtin/restAction",
          "parameters": {
            "endpoint": "businessObjects/getall_OrderItems",
            "requestType": "json"
          },
          "outcomes": {
            "success": "startProcess1"
          }
        },
        "startProcess1": {
          "module": "vb/extensions/process/action/builtin/startProcessAction",
          "parameters": {
            "alias": "FormApprovalProcess2",
            "interfaceId": "startEvent",
            "arguments": {
              "customerId": "{{ $page.variables.customerId }}",
              "customerName": "{{ $page.variables.customerName }}",
              "orderTypeID": "{{ $page.variables.orderTypeId }}",
              "totalOrderPrice": "{{ $page.variables.totalOrderPrice }}",
              "items": {
                "items": "{{ $chain.results.callRestEndpoint1.body.items }}"
              }
            }
          }
        }
    }
    },
    "SingleSelectValueAction1": {
      "description": "",
      "variables": {
        "value": {
          "required": true,
          "type": "any",
          "input": "fromCaller"
        }
      },
      "root": "callRestEndpoint1",
      "actions": {
        "callRestEndpoint1": {
          "module": "vb/action/builtin/restAction",
          "parameters": {
            "endpoint": "businessObjects/get_TtcCustomer",
            "uriParams": {
              "TtcCustomer_Id": "{{ $chain.variables.value }}"
            }
          },
          "outcomes": {
            "success": "assignVariables1"
          }
        },
        "assignVariables1": {
          "module": "vb/action/builtin/assignVariablesAction",
          "parameters": {
            "$page.variables.customerName": {
              "source": "{{ $chain.results.callRestEndpoint1.body.customer }}"
            },
            "$page.variables.orderTypeId": {
              "source": "{{ $chain.results.callRestEndpoint1.body.orderTypeId }}"
            },
            "$page.variables.customerId": {
              "source": "{{ $chain.results.callRestEndpoint1.body.id }}"
            }
          }
        }
      }
    }
  },
  "eventListeners": {
    "ojSelectOne8811776132Value": {
      "chains": [
        {
          "chainId": "SingleSelectValueAction",
          "parameters": {
            "value": "{{ $event.detail.value }}"
          }
        }
      ]
    },
    "ojInputNumber8811776131Value": {
      "chains": [
        {
          "chainId": "InputNumberValueAction",
          "parameters": {
            "value": "{{ $event.detail.value }}"
          }
        }
      ]
    },
    "ojButton8811776131Click": {
      "chains": [
        {
          "chainId": "ButtonClickAction",
          "parameters": {
            "detail": "{{ $event.detail }}"
          }
        }
      ]
    },
    "createOrderItemsButtonClicked": {
      "chains": [
        {
          "chainId": "navigateToCreateOrderItemsChain"
        }
      ]
    },
    "createOrderItemsButtonClicked2": {
      "chains": [
        {
          "chainId": "navigateToCreateOrderItemsChain2"
        }
      ]
    },
    "ojButton8811776132Click": {
      "chains": [
        {
          "chainId": "ButtonClickAction1",
          "parameters": {
            "detail": "{{ $event.detail }}"
          }
        }
      ]
    },
    "ojSelectOne8811776131Value": {
      "chains": [
        {
          "chainId": "SingleSelectValueAction1",
          "parameters": {
            "value": "{{ $event.detail.value }}"
          }
        }
      ]
    }
  },
  "imports": {
    "components": {
      "oj-label": {
        "path": "ojs/ojlabel"
      },
      "oj-select-one": {
        "path": "ojs/ojselectcombobox"
      },
      "oj-input-number": {
        "path": "ojs/ojinputnumber"
      },
      "oj-button": {
        "path": "ojs/ojbutton"
      },
      "oj-table": {
        "path": "ojs/ojtable"
      },
      "oj-list-view": {
        "path": "ojs/ojlistview"
      },
      "oj-toolbar": {
        "path": "ojs/ojtoolbar"
      },
      "oj-input-text": {
        "path": "ojs/ojinputtext"
      }
    }
  }
}