{
    "fields": [
        {
            "id": "id",
            "internal": true,
            "key": true,
            "oid": "886a7511-b795-4eed-9171-53f164b63eac",
            "required": true,
            "singularName": "Id",
            "type": "number",
            "unique": true
        },
        {
            "id": "creationDate",
            "internal": true,
            "oid": "6f693a65-91fe-4a80-8838-8eae3fda24cd",
            "singularName": "Created",
            "type": "datetime"
        },
        {
            "id": "lastUpdateDate",
            "internal": true,
            "oid": "30260988-4c50-4384-beae-9cbca6c2ca73",
            "singularName": "Last Updated",
            "type": "datetime"
        },
        {
            "id": "createdBy",
            "internal": true,
            "oid": "b8142456-c045-4147-98f7-635a9b060156",
            "singularName": "Created By",
            "type": "string"
        },
        {
            "id": "lastUpdatedBy",
            "internal": true,
            "oid": "d653ab22-06eb-4c4c-ac76-6438f3307722",
            "singularName": "Last Updated By",
            "type": "string"
        },
        {
            "hidden": true,
            "id": "abcsChangeNumber",
            "internal": true,
            "oid": "826abca4-288c-4ba8-bf76-74e6e6939d53",
            "singularName": "<internal>",
            "type": "number"
        },
        {
            "id": "customer",
            "oid": "a3f4b808-9c98-48a1-b0fb-8dc8b49347ee",
            "singularName": "customer",
            "type": "string"
        },
        {
            "id": "orderTypeId",
            "oid": "278e0685-7f12-4a65-a817-50abcbf53d83",
            "singularName": "order_type_id",
            "type": "string"
        }
    ],
    "id": "TtcCustomer",
    "oid": "9c9d09c3-9421-4f34-b92b-8eb9016d5103",
    "singularName": "ttcCustomer"
}