id,creationDate,lastUpdateDate,createdBy,lastUpdatedBy,customer,orderTypeId
1002,2018-07-25T20:06:09,2018-07-25T20:06:09,442c5fd68d04413f8fca2c4310c8a964,442c5fd68d04413f8fca2c4310c8a964,"Imaging Innovations, Inc.",1430
1004,2018-07-25T20:06:10,2018-07-25T20:06:10,442c5fd68d04413f8fca2c4310c8a964,442c5fd68d04413f8fca2c4310c8a964,Hilman and Associates,
1006,2018-07-25T20:06:10,2018-07-25T20:06:10,442c5fd68d04413f8fca2c4310c8a964,442c5fd68d04413f8fca2c4310c8a964,Computer Service and Rentals,
1007,2018-07-25T20:06:09,2018-07-25T20:06:09,442c5fd68d04413f8fca2c4310c8a964,442c5fd68d04413f8fca2c4310c8a964,General Technologies,
1021,2018-07-25T20:06:10,2018-07-25T20:06:10,442c5fd68d04413f8fca2c4310c8a964,442c5fd68d04413f8fca2c4310c8a964,Vision,
1087,2018-07-25T20:06:10,2018-07-25T20:06:10,442c5fd68d04413f8fca2c4310c8a964,442c5fd68d04413f8fca2c4310c8a964,Federal Parts,
1140,2018-07-25T20:06:10,2018-07-25T20:06:10,442c5fd68d04413f8fca2c4310c8a964,442c5fd68d04413f8fca2c4310c8a964,"CDS, Inc",
1167,2018-07-25T20:06:10,2018-07-25T20:06:10,442c5fd68d04413f8fca2c4310c8a964,442c5fd68d04413f8fca2c4310c8a964,Goodway,
1168,2018-07-25T20:06:10,2018-07-25T20:06:10,442c5fd68d04413f8fca2c4310c8a964,442c5fd68d04413f8fca2c4310c8a964,Bigmart,
1290,2018-07-25T20:06:09,2018-07-25T20:06:09,442c5fd68d04413f8fca2c4310c8a964,442c5fd68d04413f8fca2c4310c8a964,A. C. Networks,1437
